{
  "gender": {
    "overall_pos_rate": 0.02048,
    "groups": {
      "female": {
        "n": 5670,
        "avg_score": 0.9227211865157452,
        "avg_prob": 0.0772788134842548,
        "pos_rate": 0.01869488536155203,
        "tpr": 0.07962529274004684,
        "fpr": 0.013732595842075148
      },
      "nonbinary": {
        "n": 614,
        "avg_score": 0.9170517971902709,
        "avg_prob": 0.08294820280972914,
        "pos_rate": 0.029315960912052116,
        "tpr": 0.12244897959183673,
        "fpr": 0.021238938053097345
      },
      "male": {
        "n": 6216,
        "avg_score": 0.9230493066542957,
        "avg_prob": 0.07695069334570424,
        "pos_rate": 0.021235521235521235,
        "tpr": 0.11044176706827309,
        "fpr": 0.013466246939489331
      }
    },
    "demographic_parity_diff": 0.010621075550500087,
    "tpr_diff": 0.04282368685178989,
    "fpr_diff": 0.007772691113608014
  },
  "region": {
    "overall_pos_rate": 0.02048,
    "groups": {
      "rural": {
        "n": 1939,
        "avg_score": 0.9035190283368827,
        "avg_prob": 0.0964809716631173,
        "pos_rate": 0.020113460546673543,
        "tpr": 0.08333333333333333,
        "fpr": 0.012680115273775217
      },
      "metro": {
        "n": 6182,
        "avg_score": 0.9323741639613399,
        "avg_prob": 0.06762583603866018,
        "pos_rate": 0.01973471368489162,
        "tpr": 0.10591133004926108,
        "fpr": 0.013677285318559556
      },
      "suburban": {
        "n": 4379,
        "avg_score": 0.9172671714153884,
        "avg_prob": 0.08273282858461163,
        "pos_rate": 0.021694450787851108,
        "tpr": 0.09615384615384616,
        "fpr": 0.014943960149439602
      }
    },
    "demographic_parity_diff": 0.0019597371029594877,
    "tpr_diff": 0.02257799671592775,
    "fpr_diff": 0.0022638448756643857
  },
  "role": {
    "overall_pos_rate": 0.02048,
    "groups": {
      "driver": {
        "n": 8719,
        "avg_score": 0.9201188390448095,
        "avg_prob": 0.0798811609551905,
        "pos_rate": 0.020759261383186144,
        "tpr": 0.09770114942528736,
        "fpr": 0.014084507042253521
      },
      "merchant": {
        "n": 3781,
        "avg_score": 0.9283409848057419,
        "avg_prob": 0.07165901519425813,
        "pos_rate": 0.01983602221634488,
        "tpr": 0.09712230215827339,
        "fpr": 0.013702540679417643
      }
    },
    "demographic_parity_diff": 0.0009232391668412623,
    "tpr_diff": 0.0005788472670139738,
    "fpr_diff": 0.0003819663628358786
  }
}