{
  "gender": {
    "overall_pos_rate": 0.02048,
    "groups": {
      "female": {
        "n": 5670,
        "avg_score": 0.9227211865157452,
        "avg_prob": 0.0772788134842548,
        "pos_rate": 0.019400352733686066,
        "tpr": 0.07728337236533958,
        "fpr": 0.014686248331108143
      },
      "nonbinary": {
        "n": 614,
        "avg_score": 0.9170517971902709,
        "avg_prob": 0.08294820280972914,
        "pos_rate": 0.02768729641693811,
        "tpr": 0.12244897959183673,
        "fpr": 0.019469026548672566
      },
      "male": {
        "n": 6216,
        "avg_score": 0.9230493066542957,
        "avg_prob": 0.07695069334570424,
        "pos_rate": 0.020752895752895753,
        "tpr": 0.10441767068273092,
        "fpr": 0.013466246939489331
      }
    },
    "demographic_parity_diff": 0.008286943683252043,
    "tpr_diff": 0.04516560722649715,
    "fpr_diff": 0.006002779609183235
  },
  "region": {
    "overall_pos_rate": 0.02048,
    "groups": {
      "rural": {
        "n": 1939,
        "avg_score": 0.9035190283368827,
        "avg_prob": 0.0964809716631173,
        "pos_rate": 0.020629190304280558,
        "tpr": 0.0784313725490196,
        "fpr": 0.0138328530259366
      },
      "metro": {
        "n": 6182,
        "avg_score": 0.9323741639613399,
        "avg_prob": 0.06762583603866018,
        "pos_rate": 0.019572953736654804,
        "tpr": 0.10344827586206896,
        "fpr": 0.013677285318559556
      },
      "suburban": {
        "n": 4379,
        "avg_score": 0.9172671714153884,
        "avg_prob": 0.08273282858461163,
        "pos_rate": 0.021694450787851108,
        "tpr": 0.09065934065934066,
        "fpr": 0.015442092154420922
      }
    },
    "demographic_parity_diff": 0.002121497051196304,
    "tpr_diff": 0.025016903313049357,
    "fpr_diff": 0.0017648068358613652
  },
  "role": {
    "overall_pos_rate": 0.02048,
    "groups": {
      "driver": {
        "n": 8719,
        "avg_score": 0.9201188390448095,
        "avg_prob": 0.0798811609551905,
        "pos_rate": 0.02098864548686776,
        "tpr": 0.09482758620689655,
        "fpr": 0.014583073663218248
      },
      "merchant": {
        "n": 3781,
        "avg_score": 0.9283409848057419,
        "avg_prob": 0.07165901519425813,
        "pos_rate": 0.01930706162390902,
        "tpr": 0.08992805755395683,
        "fpr": 0.013702540679417643
      }
    },
    "demographic_parity_diff": 0.001681583862958743,
    "tpr_diff": 0.004899528652939716,
    "fpr_diff": 0.0008805329838006051
  }
}