{
  "gender": {
    "overall_pos_rate": 0.0004,
    "groups": {
      "female": {
        "n": 5670,
        "avg_score": 0.9232857432182366,
        "avg_prob": 0.07671425678176333,
        "pos_rate": 0.0003527336860670194,
        "tpr": 0.0,
        "fpr": 0.00038146099561319857
      },
      "nonbinary": {
        "n": 614,
        "avg_score": 0.9175649620783443,
        "avg_prob": 0.08243503792165577,
        "pos_rate": 0.003257328990228013,
        "tpr": 0.0,
        "fpr": 0.0035398230088495575
      },
      "male": {
        "n": 6216,
        "avg_score": 0.9236183920500494,
        "avg_prob": 0.07638160794995058,
        "pos_rate": 0.00016087516087516087,
        "tpr": 0.0,
        "fpr": 0.00017488632388947185
      }
    },
    "demographic_parity_diff": 0.0030964538293528523,
    "tpr_diff": 0.0,
    "fpr_diff": 0.003364936684960086
  },
  "region": {
    "overall_pos_rate": 0.0004,
    "groups": {
      "rural": {
        "n": 1939,
        "avg_score": 0.9041898435921832,
        "avg_prob": 0.09581015640781673,
        "pos_rate": 0.0,
        "tpr": 0.0,
        "fpr": 0.0
      },
      "metro": {
        "n": 6182,
        "avg_score": 0.9328891365331815,
        "avg_prob": 0.06711086346681847,
        "pos_rate": 0.00032351989647363315,
        "tpr": 0.0,
        "fpr": 0.00034626038781163435
      },
      "suburban": {
        "n": 4379,
        "avg_score": 0.9178538997426903,
        "avg_prob": 0.0821461002573097,
        "pos_rate": 0.0006850879196163508,
        "tpr": 0.0,
        "fpr": 0.0007471980074719801
      }
    },
    "demographic_parity_diff": 0.0006850879196163508,
    "tpr_diff": 0.0,
    "fpr_diff": 0.0007471980074719801
  },
  "role": {
    "overall_pos_rate": 0.0004,
    "groups": {
      "driver": {
        "n": 8719,
        "avg_score": 0.9207025574658251,
        "avg_prob": 0.07929744253417488,
        "pos_rate": 0.0003440761555224223,
        "tpr": 0.0,
        "fpr": 0.0003739249657235448
      },
      "merchant": {
        "n": 3781,
        "avg_score": 0.9288604541661156,
        "avg_prob": 0.07113954583388438,
        "pos_rate": 0.0005289605924358636,
        "tpr": 0.0,
        "fpr": 0.0005709391949757351
      }
    },
    "demographic_parity_diff": 0.00018488443691344126,
    "tpr_diff": 0.0,
    "fpr_diff": 0.00019701422925219033
  }
}