{
  "gender": {
    "overall_pos_rate": 0.02056,
    "groups": {
      "female": {
        "n": 5670,
        "avg_score": 0.9227211865157452,
        "avg_prob": 0.0772788134842548,
        "pos_rate": 0.019400352733686066,
        "tpr": 0.07728337236533958,
        "fpr": 0.014686248331108143
      },
      "nonbinary": {
        "n": 614,
        "avg_score": 0.9170517971902709,
        "avg_prob": 0.08294820280972914,
        "pos_rate": 0.030944625407166124,
        "tpr": 0.12244897959183673,
        "fpr": 0.023008849557522124
      },
      "male": {
        "n": 6216,
        "avg_score": 0.9230493066542957,
        "avg_prob": 0.07695069334570424,
        "pos_rate": 0.02059202059202059,
        "tpr": 0.10040160642570281,
        "fpr": 0.013641133263378805
      }
    },
    "demographic_parity_diff": 0.011544272673480058,
    "tpr_diff": 0.04516560722649715,
    "fpr_diff": 0.009367716294143319
  },
  "region": {
    "overall_pos_rate": 0.02056,
    "groups": {
      "rural": {
        "n": 1939,
        "avg_score": 0.9035190283368827,
        "avg_prob": 0.0964809716631173,
        "pos_rate": 0.021660649819494584,
        "tpr": 0.0784313725490196,
        "fpr": 0.014985590778097982
      },
      "metro": {
        "n": 6182,
        "avg_score": 0.9323741639613399,
        "avg_prob": 0.06762583603866018,
        "pos_rate": 0.01924943384018117,
        "tpr": 0.10344827586206896,
        "fpr": 0.013331024930747922
      },
      "suburban": {
        "n": 4379,
        "avg_score": 0.9172671714153884,
        "avg_prob": 0.08273282858461163,
        "pos_rate": 0.021922813427723224,
        "tpr": 0.08516483516483517,
        "fpr": 0.0161892901618929
      }
    },
    "demographic_parity_diff": 0.0026733795875420532,
    "tpr_diff": 0.025016903313049357,
    "fpr_diff": 0.0028582652311449786
  },
  "role": {
    "overall_pos_rate": 0.02056,
    "groups": {
      "driver": {
        "n": 8719,
        "avg_score": 0.9201188390448095,
        "avg_prob": 0.0798811609551905,
        "pos_rate": 0.02098864548686776,
        "tpr": 0.09339080459770115,
        "fpr": 0.014707715318459429
      },
      "merchant": {
        "n": 3781,
        "avg_score": 0.9283409848057419,
        "avg_prob": 0.07165901519425813,
        "pos_rate": 0.01957154192012695,
        "tpr": 0.08633093525179857,
        "fpr": 0.014273479874393378
      }
    },
    "demographic_parity_diff": 0.00141710356674081,
    "tpr_diff": 0.007059869345902581,
    "fpr_diff": 0.0004342354440660511
  }
}