{
  "gender": {
    "overall_pos_rate": 0.00024,
    "groups": {
      "female": {
        "n": 5670,
        "avg_score": 0.9227211865157452,
        "avg_prob": 0.0772788134842548,
        "pos_rate": 0.0001763668430335097,
        "tpr": 0.0,
        "fpr": 0.00019073049780659929
      },
      "nonbinary": {
        "n": 614,
        "avg_score": 0.9170517971902709,
        "avg_prob": 0.08294820280972914,
        "pos_rate": 0.003257328990228013,
        "tpr": 0.0,
        "fpr": 0.0035398230088495575
      },
      "male": {
        "n": 6216,
        "avg_score": 0.9230493066542957,
        "avg_prob": 0.07695069334570424,
        "pos_rate": 0.0,
        "tpr": 0.0,
        "fpr": 0.0
      }
    },
    "demographic_parity_diff": 0.003257328990228013,
    "tpr_diff": 0.0,
    "fpr_diff": 0.0035398230088495575
  },
  "region": {
    "overall_pos_rate": 0.00024,
    "groups": {
      "rural": {
        "n": 1939,
        "avg_score": 0.9035190283368827,
        "avg_prob": 0.0964809716631173,
        "pos_rate": 0.0,
        "tpr": 0.0,
        "fpr": 0.0
      },
      "metro": {
        "n": 6182,
        "avg_score": 0.9323741639613399,
        "avg_prob": 0.06762583603866018,
        "pos_rate": 0.00016175994823681658,
        "tpr": 0.0,
        "fpr": 0.00017313019390581717
      },
      "suburban": {
        "n": 4379,
        "avg_score": 0.9172671714153884,
        "avg_prob": 0.08273282858461163,
        "pos_rate": 0.00045672527974423386,
        "tpr": 0.0,
        "fpr": 0.00049813200498132
      }
    },
    "demographic_parity_diff": 0.00045672527974423386,
    "tpr_diff": 0.0,
    "fpr_diff": 0.00049813200498132
  },
  "role": {
    "overall_pos_rate": 0.00024,
    "groups": {
      "driver": {
        "n": 8719,
        "avg_score": 0.9201188390448095,
        "avg_prob": 0.0798811609551905,
        "pos_rate": 0.00011469205184080744,
        "tpr": 0.0,
        "fpr": 0.0001246416552411816
      },
      "merchant": {
        "n": 3781,
        "avg_score": 0.9283409848057419,
        "avg_prob": 0.07165901519425813,
        "pos_rate": 0.0005289605924358636,
        "tpr": 0.0,
        "fpr": 0.0005709391949757351
      }
    },
    "demographic_parity_diff": 0.00041426854059505616,
    "tpr_diff": 0.0,
    "fpr_diff": 0.0004462975397345535
  }
}