{
  "gender": {
    "overall_pos_rate": 0.39592,
    "groups": {
      "female": {
        "n": 5670,
        "avg_score": 0.9227211865157452,
        "avg_prob": 0.0772788134842548,
        "pos_rate": 0.39171075837742503,
        "tpr": 0.2459016393442623,
        "fpr": 0.4035857333587641
      },
      "nonbinary": {
        "n": 614,
        "avg_score": 0.9170517971902709,
        "avg_prob": 0.08294820280972914,
        "pos_rate": 0.3583061889250814,
        "tpr": 0.1836734693877551,
        "fpr": 0.3734513274336283
      },
      "male": {
        "n": 6216,
        "avg_score": 0.9230493066542957,
        "avg_prob": 0.07695069334570424,
        "pos_rate": 0.4034749034749035,
        "tpr": 0.23694779116465864,
        "fpr": 0.4179783140958377
      }
    },
    "demographic_parity_diff": 0.045168714549822075,
    "tpr_diff": 0.06222816995650718,
    "fpr_diff": 0.04452698666220939
  },
  "region": {
    "overall_pos_rate": 0.39592,
    "groups": {
      "rural": {
        "n": 1939,
        "avg_score": 0.9035190283368827,
        "avg_prob": 0.0964809716631173,
        "pos_rate": 0.27333677153171737,
        "tpr": 0.10294117647058823,
        "fpr": 0.29337175792507203
      },
      "metro": {
        "n": 6182,
        "avg_score": 0.9323741639613399,
        "avg_prob": 0.06762583603866018,
        "pos_rate": 0.16952442575218377,
        "tpr": 0.06896551724137931,
        "fpr": 0.17659279778393353
      },
      "suburban": {
        "n": 4379,
        "avg_score": 0.9172671714153884,
        "avg_prob": 0.08273282858461163,
        "pos_rate": 0.7698104590089061,
        "tpr": 0.5027472527472527,
        "fpr": 0.7940224159402242
      }
    },
    "demographic_parity_diff": 0.6002860332567224,
    "tpr_diff": 0.4337817355058734,
    "fpr_diff": 0.6174296181562906
  },
  "role": {
    "overall_pos_rate": 0.39592,
    "groups": {
      "driver": {
        "n": 8719,
        "avg_score": 0.9201188390448095,
        "avg_prob": 0.0798811609551905,
        "pos_rate": 0.3640325725427228,
        "tpr": 0.21120689655172414,
        "fpr": 0.37729029041505674
      },
      "merchant": {
        "n": 3781,
        "avg_score": 0.9283409848057419,
        "avg_prob": 0.07165901519425813,
        "pos_rate": 0.4694525257868289,
        "tpr": 0.3057553956834532,
        "fpr": 0.4824436197544961
      }
    },
    "demographic_parity_diff": 0.10541995324410608,
    "tpr_diff": 0.09454849913172908,
    "fpr_diff": 0.10515332933943938
  }
}