{
  "gender": {
    "overall_pos_rate": 0.79776,
    "groups": {
      "female": {
        "n": 5670,
        "avg_score": 0.9227211865157452,
        "avg_prob": 0.0772788134842548,
        "pos_rate": 0.7966490299823633,
        "tpr": 0.5526932084309133,
        "fpr": 0.8165172611100515
      },
      "nonbinary": {
        "n": 614,
        "avg_score": 0.9170517971902709,
        "avg_prob": 0.08294820280972914,
        "pos_rate": 0.7687296416938111,
        "tpr": 0.4897959183673469,
        "fpr": 0.7929203539823009
      },
      "male": {
        "n": 6216,
        "avg_score": 0.9230493066542957,
        "avg_prob": 0.07695069334570424,
        "pos_rate": 0.8016409266409267,
        "tpr": 0.5281124497991968,
        "fpr": 0.8254634487583071
      }
    },
    "demographic_parity_diff": 0.03291128494711559,
    "tpr_diff": 0.06289729006356637,
    "fpr_diff": 0.032543094776006254
  },
  "region": {
    "overall_pos_rate": 0.79776,
    "groups": {
      "rural": {
        "n": 1939,
        "avg_score": 0.9035190283368827,
        "avg_prob": 0.0964809716631173,
        "pos_rate": 0.6993295513151109,
        "tpr": 0.43137254901960786,
        "fpr": 0.730835734870317
      },
      "metro": {
        "n": 6182,
        "avg_score": 0.9323741639613399,
        "avg_prob": 0.06762583603866018,
        "pos_rate": 0.8484309285021029,
        "tpr": 0.6206896551724138,
        "fpr": 0.8644390581717452
      },
      "suburban": {
        "n": 4379,
        "avg_score": 0.9172671714153884,
        "avg_prob": 0.08273282858461163,
        "pos_rate": 0.7698104590089061,
        "tpr": 0.5027472527472527,
        "fpr": 0.7940224159402242
      }
    },
    "demographic_parity_diff": 0.149101377186992,
    "tpr_diff": 0.18931710615280595,
    "fpr_diff": 0.1336033233014281
  },
  "role": {
    "overall_pos_rate": 0.79776,
    "groups": {
      "driver": {
        "n": 8719,
        "avg_score": 0.9201188390448095,
        "avg_prob": 0.0798811609551905,
        "pos_rate": 0.7882784723018694,
        "tpr": 0.5301724137931034,
        "fpr": 0.8106693256886451
      },
      "merchant": {
        "n": 3781,
        "avg_score": 0.9283409848057419,
        "avg_prob": 0.07165901519425813,
        "pos_rate": 0.8196244379793706,
        "tpr": 0.5539568345323741,
        "fpr": 0.8407079646017699
      }
    },
    "demographic_parity_diff": 0.03134596567750114,
    "tpr_diff": 0.023784420739270673,
    "fpr_diff": 0.03003863891312475
  }
}