{
  "gender": {
    "overall_pos_rate": 0.78456,
    "groups": {
      "female": {
        "n": 5670,
        "avg_score": 0.921158203403364,
        "avg_prob": 0.07884179659663602,
        "pos_rate": 0.7839506172839507,
        "tpr": 0.5269320843091335,
        "fpr": 0.8048827007438489
      },
      "nonbinary": {
        "n": 614,
        "avg_score": 0.9152410569747675,
        "avg_prob": 0.0847589430252325,
        "pos_rate": 0.758957654723127,
        "tpr": 0.5102040816326531,
        "fpr": 0.7805309734513274
      },
      "male": {
        "n": 6216,
        "avg_score": 0.9214674011658621,
        "avg_prob": 0.07853259883413789,
        "pos_rate": 0.7876447876447876,
        "tpr": 0.5020080321285141,
        "fpr": 0.8125218607904862
      }
    },
    "demographic_parity_diff": 0.028687132921660585,
    "tpr_diff": 0.024924052180619438,
    "fpr_diff": 0.03199088733915878
  },
  "region": {
    "overall_pos_rate": 0.78456,
    "groups": {
      "rural": {
        "n": 1939,
        "avg_score": 0.901694091727462,
        "avg_prob": 0.09830590827253806,
        "pos_rate": 0.6781846312532233,
        "tpr": 0.3872549019607843,
        "fpr": 0.7123919308357348
      },
      "metro": {
        "n": 6182,
        "avg_score": 0.9309380511175233,
        "avg_prob": 0.06906194888247678,
        "pos_rate": 0.8379165318667098,
        "tpr": 0.6009852216748769,
        "fpr": 0.8545706371191135
      },
      "suburban": {
        "n": 4379,
        "avg_score": 0.915579472952387,
        "avg_prob": 0.08442052704761305,
        "pos_rate": 0.7563370632564512,
        "tpr": 0.48626373626373626,
        "fpr": 0.7808219178082192
      }
    },
    "demographic_parity_diff": 0.15973190061348652,
    "tpr_diff": 0.21373031971409256,
    "fpr_diff": 0.1421787062833787
  },
  "role": {
    "overall_pos_rate": 0.78456,
    "groups": {
      "driver": {
        "n": 8719,
        "avg_score": 0.9184922623453267,
        "avg_prob": 0.0815077376546733,
        "pos_rate": 0.7745154260809726,
        "tpr": 0.514367816091954,
        "fpr": 0.7970833852673563
      },
      "merchant": {
        "n": 3781,
        "avg_score": 0.9268533066748681,
        "avg_prob": 0.0731466933251319,
        "pos_rate": 0.8077228246495636,
        "tpr": 0.5107913669064749,
        "fpr": 0.8312874678846702
      }
    },
    "demographic_parity_diff": 0.03320739856859101,
    "tpr_diff": 0.003576449185479169,
    "fpr_diff": 0.03420408261731389
  }
}