{
  "gender": {
    "overall_pos_rate": 0.02008,
    "groups": {
      "female": {
        "n": 5670,
        "avg_score": 0.9227211865157452,
        "avg_prob": 0.0772788134842548,
        "pos_rate": 0.019400352733686066,
        "tpr": 0.08196721311475409,
        "fpr": 0.014304787335494945
      },
      "nonbinary": {
        "n": 614,
        "avg_score": 0.9170517971902709,
        "avg_prob": 0.08294820280972914,
        "pos_rate": 0.026058631921824105,
        "tpr": 0.12244897959183673,
        "fpr": 0.017699115044247787
      },
      "male": {
        "n": 6216,
        "avg_score": 0.9230493066542957,
        "avg_prob": 0.07695069334570424,
        "pos_rate": 0.02010939510939511,
        "tpr": 0.0963855421686747,
        "fpr": 0.013466246939489331
      }
    },
    "demographic_parity_diff": 0.0066582791881380395,
    "tpr_diff": 0.04048176647708264,
    "fpr_diff": 0.004232868104758456
  },
  "region": {
    "overall_pos_rate": 0.02008,
    "groups": {
      "rural": {
        "n": 1939,
        "avg_score": 0.9035190283368827,
        "avg_prob": 0.0964809716631173,
        "pos_rate": 0.022692109334708613,
        "tpr": 0.08823529411764706,
        "fpr": 0.014985590778097982
      },
      "metro": {
        "n": 6182,
        "avg_score": 0.9323741639613399,
        "avg_prob": 0.06762583603866018,
        "pos_rate": 0.019572953736654804,
        "tpr": 0.10344827586206896,
        "fpr": 0.013677285318559556
      },
      "suburban": {
        "n": 4379,
        "avg_score": 0.9172671714153884,
        "avg_prob": 0.08273282858461163,
        "pos_rate": 0.019639187029002057,
        "tpr": 0.07967032967032966,
        "fpr": 0.014196762141967622
      }
    },
    "demographic_parity_diff": 0.00311915559805381,
    "tpr_diff": 0.0237779461917393,
    "fpr_diff": 0.0013083054595384256
  },
  "role": {
    "overall_pos_rate": 0.02008,
    "groups": {
      "driver": {
        "n": 8719,
        "avg_score": 0.9201188390448095,
        "avg_prob": 0.0798811609551905,
        "pos_rate": 0.020415185227663724,
        "tpr": 0.09482758620689655,
        "fpr": 0.013959865387012339
      },
      "merchant": {
        "n": 3781,
        "avg_score": 0.9283409848057419,
        "avg_prob": 0.07165901519425813,
        "pos_rate": 0.01930706162390902,
        "tpr": 0.08273381294964029,
        "fpr": 0.014273479874393378
      }
    },
    "demographic_parity_diff": 0.001108123603754705,
    "tpr_diff": 0.01209377325725626,
    "fpr_diff": 0.00031361448738103856
  }
}