{
  "gender": {
    "overall_pos_rate": 0.02024,
    "groups": {
      "female": {
        "n": 5670,
        "avg_score": 0.9227211865157452,
        "avg_prob": 0.0772788134842548,
        "pos_rate": 0.01904761904761905,
        "tpr": 0.0702576112412178,
        "fpr": 0.014876978828914743
      },
      "nonbinary": {
        "n": 614,
        "avg_score": 0.9170517971902709,
        "avg_prob": 0.08294820280972914,
        "pos_rate": 0.02768729641693811,
        "tpr": 0.12244897959183673,
        "fpr": 0.019469026548672566
      },
      "male": {
        "n": 6216,
        "avg_score": 0.9230493066542957,
        "avg_prob": 0.07695069334570424,
        "pos_rate": 0.02059202059202059,
        "tpr": 0.09839357429718876,
        "fpr": 0.013816019587268276
      }
    },
    "demographic_parity_diff": 0.00863967736931906,
    "tpr_diff": 0.05219136835061894,
    "fpr_diff": 0.00565300696140429
  },
  "region": {
    "overall_pos_rate": 0.02024,
    "groups": {
      "rural": {
        "n": 1939,
        "avg_score": 0.9035190283368827,
        "avg_prob": 0.0964809716631173,
        "pos_rate": 0.020629190304280558,
        "tpr": 0.058823529411764705,
        "fpr": 0.016138328530259365
      },
      "metro": {
        "n": 6182,
        "avg_score": 0.9323741639613399,
        "avg_prob": 0.06762583603866018,
        "pos_rate": 0.019411193788417987,
        "tpr": 0.10344827586206896,
        "fpr": 0.013504155124653739
      },
      "suburban": {
        "n": 4379,
        "avg_score": 0.9172671714153884,
        "avg_prob": 0.08273282858461163,
        "pos_rate": 0.021237725508106875,
        "tpr": 0.08516483516483517,
        "fpr": 0.015442092154420922
      }
    },
    "demographic_parity_diff": 0.0018265317196888876,
    "tpr_diff": 0.04462474645030426,
    "fpr_diff": 0.0026341734056056255
  },
  "role": {
    "overall_pos_rate": 0.02024,
    "groups": {
      "driver": {
        "n": 8719,
        "avg_score": 0.9201188390448095,
        "avg_prob": 0.0798811609551905,
        "pos_rate": 0.02052987727950453,
        "tpr": 0.08764367816091954,
        "fpr": 0.014707715318459429
      },
      "merchant": {
        "n": 3781,
        "avg_score": 0.9283409848057419,
        "avg_prob": 0.07165901519425813,
        "pos_rate": 0.01957154192012695,
        "tpr": 0.08633093525179857,
        "fpr": 0.014273479874393378
      }
    },
    "demographic_parity_diff": 0.0009583353593775774,
    "tpr_diff": 0.0013127429091209786,
    "fpr_diff": 0.0004342354440660511
  }
}