{
  "roc_auc": 0.6986853844588843,
  "pr_auc": 0.19738954840304418,
  "brier": 0.0678167775651706,
  "pr_curve_points": [
    [
      0.07792,
      1.0
    ],
    [
      0.07793246919507121,
      1.0
    ],
    [
      0.07792103787939457,
      0.9989733059548255
    ],
    [
      0.07786589762076424,
      0.997946611909651
    ],
    [
      0.07788461538461539,
      0.997946611909651
    ],
    [
      0.07789709889405354,
      0.997946611909651
    ],
    [
      0.07790334214955519,
      0.997946611909651
    ],
    [
      0.07799711121810303,
      0.997946611909651
    ],
    [
      0.07800337051600995,
      0.997946611909651
    ],
    [
      0.07802841775708437,
      0.997946611909651
    ],
    [
      0.07807856052694996,
      0.997946611909651
    ],
    [
      0.0781224883459251,
      0.997946611909651
    ],
    [
      0.07813504823151125,
      0.997946611909651
    ],
    [
      0.0781664656212304,
      0.997946611909651
    ],
    [
      0.07824197053851727,
      0.997946611909651
    ],
    [
      0.07825456887529185,
      0.997946611909651
    ],
    [
      0.0782608695652174,
      0.997946611909651
    ],
    [
      0.07829238824003222,
      0.997946611909651
    ],
    [
      0.07829869502174963,
      0.997946611909651
    ],
    [
      0.07833655705996131,
      0.997946611909651
    ],
    [
      0.07834287095994197,
      0.997946611909651
    ],
    [
      0.07834918587780107,
      0.997946611909651
    ],
    [
      0.07835550181378477,
      0.997946611909651
    ],
    [
      0.07839341882409871,
      0.997946611909651
    ],
    [
      0.07839974189385385,
      0.997946611909651
    ],
    [
      0.0784503631961259,
      0.997946611909651
    ],
    [
      0.07850104991116136,
      0.997946611909651
    ],
    [
      0.07853276238183728,
      0.997946611909651
    ],
    [
      0.07846464646464646,
      0.9969199178644764
    ],
    [
      0.07848367280957,
      0.9969199178644764
    ],
    [
      0.07851540389746907,
      0.9969199178644764
    ],
    [
      0.07861075129533679,
      0.9969199178644764
    ],
    [
      0.0786171160229941,
      0.9969199178644764
    ],
    [
      0.07855523161645611,
      0.9958932238193019
    ],
    [
      0.0785615939094517,
      0.9958932238193019
    ],
    [
      0.07856795723311194,
      0.9958932238193019
    ],
    [
      0.07857432158768732,
      0.9958932238193019
    ],
    [
      0.07859978932015234,
      0.9958932238193019
    ],
    [
      0.07860615883306321,
      0.9958932238193019
    ],
    [
      0.07870821161960402,
      0.9958932238193019
    ],
    [
      0.07874015748031496,
      0.9958932238193019
    ],
    [
      0.07876127773713729,
      0.9948665297741273
    ],
    [
      0.07876768005202406,
      0.9948665297741273
    ],
    [
      0.07874400065077687,
      0.9938398357289527
    ],
    [
      0.07875040676863,
      0.9938398357289527
    ],
    [
      0.07875681392889106,
      0.9938398357289527
    ],
    [
      0.07876322213181448,
      0.9938398357289527
    ],
    [
      0.07876963137765482,
      0.9938398357289527
    ],
    [
      0.07878245299910475,
      0.9938398357289527
    ],
    [
      0.07878886537522384,
      0.9938398357289527
    ],
    [
      0.0787952787952788,
      0.9938398357289527
    ],
    [
      0.07882094291995766,
      0.9938398357289527
    ],
    [
      0.0788466237680215,
      0.9938398357289527
    ],
    [
      0.07885304659498207,
      0.9938398357289527
    ],
    [
      0.07885947046843177,
      0.9938398357289527
    ],
    [
      0.07886589538862636,
      0.9938398357289527
    ],
    [
      0.07892376681614349,
      0.9938398357289527
    ],
    [
      0.07893663866916742,
      0.9938398357289527
    ],
    [
      0.07896883667808778,
      0.9938398357289527
    ],
    [
      0.07899681398578548,
      0.9928131416837782
    ],
    [
      0.07902909447531874,
      0.9928131416837782
    ],
    [
      0.07903555373927258,
      0.9928131416837782
    ],
    [
      0.07907433150707335,
      0.9928131416837782
    ],
    [
      0.07913256955810147,
      0.9928131416837782
    ],
    [
      0.07907014815421134,
      0.9917864476386037
    ],
    [
      0.07907662082514735,
      0.9917864476386037
    ],
    [
      0.07908309455587392,
      0.9917864476386037
    ],
    [
      0.07932337001149614,
      0.9917864476386037
    ],
    [
      0.07936899186591077,
      0.9917864476386037
    ],
    [
      0.07937551355792934,
      0.9917864476386037
    ],
    [
      0.07940813810110973,
      0.9917864476386037
    ],
    [
      0.07934550238447624,
      0.9907597535934292
    ],
    [
      0.07936507936507936,
      0.9907597535934292
    ],
    [
      0.07937813605330263,
      0.9907597535934292
    ],
    [
      0.07938466600855544,
      0.9907597535934292
    ],
    [
      0.07935462627593019,
      0.9897330595482546
    ],
    [
      0.07933108163769668,
      0.9887063655030801
    ],
    [
      0.07935069215557021,
      0.9887063655030801
    ],
    [
      0.0795539033457249,
      0.9887063655030801
    ],
    [
      0.07956331155404847,
      0.9876796714579056
    ],
    [
      0.07956989247311828,
      0.9876796714579056
    ],
    [
      0.07957647448093308,
      0.9876796714579056
    ],
    [
      0.07960940086064217,
      0.9876796714579056
    ],
    [
      0.07947019867549669,
      0.9856262833675564
    ],
    [
      0.07948335817188276,
      0.9856262833675564
    ],
    [
      0.07948993955452513,
      0.9856262833675564
    ],
    [
      0.07961519323270858,
      0.9856262833675564
    ],
    [
      0.0797770568172365,
      0.9845995893223819
    ],
    [
      0.07978369384359402,
      0.9845995893223819
    ],
    [
      0.07979033197437391,
      0.9845995893223819
    ],
    [
      0.0797969712098519,
      0.9845995893223819
    ],
    [
      0.07981025299600533,
      0.9845995893223819
    ],
    [
      0.07981689554723262,
      0.9845995893223819
    ],
    [
      0.07983682983682984,
      0.9845995893223819
    ],
    [
      0.07986342438374416,
      0.9845995893223819
    ],
    [
      0.07987672830251541,
      0.9845995893223819
    ],
    [
      0.07990658103261322,
      0.9835728952772074
    ],
    [
      0.08000668114247536,
      0.9835728952772074
    ],
    [
      0.08001336340098555,
      0.9835728952772074
    ],
    [
      0.08028830036875628,
      0.9835728952772074
    ],
    [
      0.08030176026823135,
      0.9835728952772074
    ],
    [
      0.08034216705803422,
      0.9835728952772074
    ],
    [
      0.08036912751677852,
      0.9835728952772074
    ],
    [
      0.08031218529707956,
      0.9825462012320328
    ],
    [
      0.08031892572387747,
      0.9825462012320328
    ],
    [
      0.0803458987490555,
      0.9825462012320328
    ],
    [
      0.08056071609525418,
      0.9794661190965093
    ],
    [
      0.08066288999746343,
      0.9794661190965093
    ],
    [
      0.0806697108066971,
      0.9794661190965093
    ],
    [
      0.08067653276955603,
      0.9794661190965093
    ],
    [
      0.0807448159119763,
      0.9794661190965093
    ],
    [
      0.08077900084674006,
      0.9794661190965093
    ],
    [
      0.08078584130747735,
      0.9794661190965093
    ],
    [
      0.08079268292682927,
      0.9794661190965093
    ],
    [
      0.0807995257050902,
      0.9794661190965093
    ],
    [
      0.08081321473951715,
      0.9794661190965093
    ],
    [
      0.08087105038428694,
      0.9722792607802875
    ],
    [
      0.08087795712699633,
      0.9722792607802875
    ],
    [
      0.08088486504953878,
      0.9722792607802875
    ],
    [
      0.08089868443533231,
      0.9722792607802875
    ],
    [
      0.08109959749935772,
      0.9722792607802875
    ],
    [
      0.08132245598969515,
      0.9722792607802875
    ],
    [
      0.0813113061435209,
