{
  "roc_auc": 0.6979957998718014,
  "pr_auc": 0.19630695981221016,
  "brier": 0.06786104171766615,
  "pr_curve_points": [
    [
      0.07792,
      1.0
    ],
    [
      0.07793246919507121,
      1.0
    ],
    [
      0.07792103787939457,
      0.9989733059548255
    ],
    [
      0.07786589762076424,
      0.997946611909651
    ],
    [
      0.07788461538461539,
      0.997946611909651
    ],
    [
      0.07789085663915378,
      0.997946611909651
    ],
    [
      0.07790334214955519,
      0.997946611909651
    ],
    [
      0.07792832518239397,
      0.997946611909651
    ],
    [
      0.07793457344451571,
      0.997946611909651
    ],
    [
      0.07802841775708437,
      0.997946611909651
    ],
    [
      0.07803468208092486,
      0.997946611909651
    ],
    [
      0.07804094741067845,
      0.997946611909651
    ],
    [
      0.07809110629067245,
      0.997946611909651
    ],
    [
      0.0781099324975892,
      0.997946611909651
    ],
    [
      0.0781224883459251,
      0.997946611909651
    ],
    [
      0.07813504823151125,
      0.997946611909651
    ],
    [
      0.0781790396525376,
      0.997946611909651
    ],
    [
      0.07825456887529185,
      0.997946611909651
    ],
    [
      0.0782608695652174,
      0.997946611909651
    ],
    [
      0.07826717126982849,
      0.997946611909651
    ],
    [
      0.07829869502174963,
      0.997946611909651
    ],
    [
      0.07830500281962459,
      0.997946611909651
    ],
    [
      0.07834287095994197,
      0.997946611909651
    ],
    [
      0.07834918587780107,
      0.997946611909651
    ],
    [
      0.07835550181378477,
      0.997946611909651
    ],
    [
      0.07838709677419355,
      0.997946611909651
    ],
    [
      0.07839341882409871,
      0.997946611909651
    ],
    [
      0.07839974189385385,
      0.997946611909651
    ],
    [
      0.0784503631961259,
      0.997946611909651
    ],
    [
      0.07845669545564614,
      0.997946611909651
    ],
    [
      0.0784630287374879,
      0.997946611909651
    ],
    [
      0.07832687338501292,
      0.9958932238193019
    ],
    [
      0.07835218093699516,
      0.9958932238193019
    ],
    [
      0.07840284513417393,
      0.9958932238193019
    ],
    [
      0.07844723008491711,
      0.9958932238193019
    ],
    [
      0.07845357489485603,
      0.9958932238193019
    ],
    [
      0.07852343560268761,
      0.9958932238193019
    ],
    [
      0.07852979274611399,
      0.9958932238193019
    ],
    [
      0.07853615091895393,
      0.9958932238193019
    ],
    [
      0.07855523161645611,
      0.9958932238193019
    ],
    [
      0.0785615939094517,
      0.9958932238193019
    ],
    [
      0.07856795723311194,
      0.9958932238193019
    ],
    [
      0.07858068697342839,
      0.9958932238193019
    ],
    [
      0.07866353093828563,
      0.9958932238193019
    ],
    [
      0.0786699107866991,
      0.9958932238193019
    ],
    [
      0.07867629167004624,
      0.9958932238193019
    ],
    [
      0.07870182555780933,
      0.9958932238193019
    ],
    [
      0.07870821161960402,
      0.9958932238193019
    ],
    [
      0.07867814225397857,
      0.9948665297741273
    ],
    [
      0.07868453105968332,
      0.9948665297741273
    ],
    [
      0.0786909209030372,
      0.9948665297741273
    ],
    [
      0.07869918699186992,
      0.9938398357289527
    ],
    [
      0.07874400065077687,
      0.9938398357289527
    ],
    [
      0.07875681392889106,
      0.9938398357289527
    ],
    [
      0.07878245299910475,
      0.9938398357289527
    ],
    [
      0.07878886537522384,
      0.9938398357289527
    ],
    [
      0.0787952787952788,
      0.9938398357289527
    ],
    [
      0.07880169325952459,
      0.9938398357289527
    ],
    [
      0.07883378125254499,
      0.9938398357289527
    ],
    [
      0.07884020198729434,
      0.9938398357289527
    ],
    [
      0.07885947046843177,
      0.9938398357289527
    ],
    [
      0.07889160554197229,
      0.9938398357289527
    ],
    [
      0.07889803569973103,
      0.9938398357289527
    ],
    [
      0.07890446690577112,
      0.9938398357289527
    ],
    [
      0.07891733246372086,
      0.9938398357289527
    ],
    [
      0.07892376681614349,
      0.9938398357289527
    ],
    [
      0.07893020221787345,
      0.9938398357289527
    ],
    [
      0.07898172323759792,
      0.9938398357289527
    ],
    [
      0.07926629544710122,
      0.9938398357289527
    ],
    [
      0.07927278683154533,
      0.9938398357289527
    ],
    [
      0.07930525970834017,
      0.9938398357289527
    ],
    [
      0.07923631596197968,
      0.9928131416837782
    ],
    [
      0.07925579870502418,
      0.9928131416837782
    ],
    [
      0.07926229508196721,
      0.9928131416837782
    ],
    [
      0.07927529103131661,
      0.9928131416837782
    ],
    [
      0.0792973239205385,
      0.9917864476386037
    ],
    [
      0.07930383383958624,
      0.9917864476386037
    ],
    [
      0.07924125472162917,
      0.9907597535934292
    ],
    [
      0.07924776217459144,
      0.9907597535934292
    ],
    [
      0.0792672909479218,
      0.9907597535934292
    ],
    [
      0.079273802678058,
      0.9907597535934292
    ],
    [
      0.07931289553710857,
      0.9907597535934292
    ],
    [
      0.0793259350595972,
      0.9907597535934292
    ],
    [
      0.07937160717223228,
      0.9907597535934292
    ],
    [
      0.07937813605330263,
      0.9907597535934292
    ],
    [
      0.0793676930676766,
      0.9897330595482546
    ],
    [
      0.07945928123969667,
      0.9897330595482546
    ],
    [
      0.07946583134119199,
      0.9897330595482546
    ],
    [
      0.07932712129957945,
      0.9876796714579056
    ],
    [
      0.07935329538893013,
      0.9876796714579056
    ],
    [
      0.07935984161029533,
      0.9876796714579056
    ],
    [
      0.07958879124523296,
      0.9856262833675564
    ],
    [
      0.07959539010032336,
      0.9856262833675564
    ],
    [
      0.07960859109378887,
      0.9856262833675564
    ],
    [
      0.07962840079628401,
      0.9856262833675564
    ],
    [
      0.07964161274265803,
      0.9856262833675564
    ],
    [
      0.07967466179765956,
      0.9856262833675564
    ],
    [
      0.0796812749003984,
      0.9856262833675564
    ],
    [
      0.079687889101021,
      0.9856262833675564
    ],
    [
      0.07970773829292593,
      0.9856262833675564
    ],
    [
      0.07987353357184458,
      0.9856262833675564
    ],
    [
      0.07984347681292149,
      0.9845995893223819
    ],
    [
      0.07985012489592007,
      0.9845995893223819
    ],
    [
      0.07985677408610209,
      0.9845995893223819
    ],
    [
      0.07986342438374416,
      0.9845995893223819
    ],
    [
      0.07980008329862558,
      0.9835728952772074
    ],
    [
      0.08004679144385027,
      0.9835728952772074
    ],
    [
      0.08006686167989971,
      0.9835728952772074
    ],
    [
      0.08007355399531929,
      0.9835728952772074
    ],
    [
      0.08008024742957452,
      0.9835728952772074
    ],
    [
      0.080086941982946,
      0.9835728952772074
    ],
    [
      0.08010033444816053,
      0.9835728952772074
    ],
    [
      0.08011373139320957,
      0.9835728952772074
    ],
    [
      0.08020092088740059,
      0.9835728952772074
    ],
    [
      0.08021435150297246,
      0.9835728952772074
    ],
    [
      0.08022106849773908,
      0.9835728952772074
    ],
    [
      0.08027484498072733,
      0.9835728952772074
    ],
    [
      0.0804452314697698,
      0.9794661190965093
    ],
    [
      0.08040158609634691,
      0.9784394250513347
    ],
    [
      0.08040836989537631,
      0.9784394250513347
    ],
    [
      0.08048986486486487,
      0.9784394250513347
    ],
    [
      0.08063287926220493,
      0.9784394250513347
    ],
    [
      0.08063970214926383,
