{
  "roc_auc": 0.6980888401225548,
  "pr_auc": 0.196171831778772,
  "brier": 0.06788162049460943,
  "pr_curve_points": [
    [
      0.07792,
      1.0
    ],
    [
      0.07793246919507121,
      1.0
    ],
    [
      0.07792103787939457,
      0.9989733059548255
    ],
    [
      0.07786589762076424,
      0.997946611909651
    ],
    [
      0.07788461538461539,
      0.997946611909651
    ],
    [
      0.07789085663915378,
      0.997946611909651
    ],
    [
      0.07790334214955519,
      0.997946611909651
    ],
    [
      0.07790958640589933,
      0.997946611909651
    ],
    [
      0.07793457344451571,
      0.997946611909651
    ],
    [
      0.07802841775708437,
      0.997946611909651
    ],
    [
      0.07804721374658743,
      0.997946611909651
    ],
    [
      0.07805348108889425,
      0.997946611909651
    ],
    [
      0.07805974943784132,
      0.997946611909651
    ],
    [
      0.0780722891566265,
      0.997946611909651
    ],
    [
      0.0781224883459251,
      0.997946611909651
    ],
    [
      0.07813504823151125,
      0.997946611909651
    ],
    [
      0.0781790396525376,
      0.997946611909651
    ],
    [
      0.07825456887529185,
      0.997946611909651
    ],
    [
      0.0782608695652174,
      0.997946611909651
    ],
    [
      0.07829238824003222,
      0.997946611909651
    ],
    [
      0.07829869502174963,
      0.997946611909651
    ],
    [
      0.07830500281962459,
      0.997946611909651
    ],
    [
      0.07831131163390267,
      0.997946611909651
    ],
    [
      0.07834918587780107,
      0.997946611909651
    ],
    [
      0.07835550181378477,
      0.997946611909651
    ],
    [
      0.07838709677419355,
      0.997946611909651
    ],
    [
      0.07839341882409871,
      0.997946611909651
    ],
    [
      0.07839974189385385,
      0.997946611909651
    ],
    [
      0.07826367597224464,
      0.9958932238193019
    ],
    [
      0.07826999112402162,
      0.9958932238193019
    ],
    [
      0.07829526192590201,
      0.9958932238193019
    ],
    [
      0.07834585251595186,
      0.9958932238193019
    ],
    [
      0.07835218093699516,
      0.9958932238193019
    ],
    [
      0.07840284513417393,
      0.9958932238193019
    ],
    [
      0.07842186110437384,
      0.9958932238193019
    ],
    [
      0.07842820181112549,
      0.9958932238193019
    ],
    [
      0.07847261548418413,
      0.9958932238193019
    ],
    [
      0.07854251012145749,
      0.9958932238193019
    ],
    [
      0.07854887035387481,
      0.9958932238193019
    ],
    [
      0.07855523161645611,
      0.9958932238193019
    ],
    [
      0.07856795723311194,
      0.9958932238193019
    ],
    [
      0.07857432158768732,
      0.9958932238193019
    ],
    [
      0.07858068697342839,
      0.9958932238193019
    ],
    [
      0.07855058365758755,
      0.9948665297741273
    ],
    [
      0.07863344964700154,
      0.9948665297741273
    ],
    [
      0.07863983119623438,
      0.9948665297741273
    ],
    [
      0.07864621378134892,
      0.9948665297741273
    ],
    [
      0.0786525974025974,
      0.9948665297741273
    ],
    [
      0.07865898206023215,
      0.9948665297741273
    ],
    [
      0.07866720845184884,
      0.9938398357289527
    ],
    [
      0.07867360208062418,
      0.9938398357289527
    ],
    [
      0.07869918699186992,
      0.9938398357289527
    ],
    [
      0.07874400065077687,
      0.9938398357289527
    ],
    [
      0.07875681392889106,
      0.9938398357289527
    ],
    [
      0.07876322213181448,
      0.9938398357289527
    ],
    [
      0.07876963137765482,
      0.9938398357289527
    ],
    [
      0.07877604166666667,
      0.9938398357289527
    ],
    [
      0.07880169325952459,
      0.9938398357289527
    ],
    [
      0.07881452532160886,
      0.9938398357289527
    ],
    [
      0.0788466237680215,
      0.9938398357289527
    ],
    [
      0.0788787483702738,
      0.9938398357289527
    ],
    [
      0.07889803569973103,
      0.9938398357289527
    ],
    [
      0.07890446690577112,
      0.9938398357289527
    ],
    [
      0.07891089916034891,
      0.9938398357289527
    ],
    [
      0.07884223399918468,
      0.9928131416837782
    ],
    [
      0.07912609442762458,
      0.9928131416837782
    ],
    [
      0.07913256955810147,
      0.9928131416837782
    ],
    [
      0.07913904574842459,
      0.9928131416837782
    ],
    [
      0.07919089345671936,
      0.9928131416837782
    ],
    [
      0.07921035386631717,
      0.9928131416837782
    ],
    [
      0.07921684279511755,
      0.9928131416837782
    ],
    [
      0.07922333278715386,
      0.9928131416837782
    ],
    [
      0.07924280914529214,
      0.9928131416837782
    ],
    [
      0.07924930339288641,
      0.9928131416837782
    ],
    [
      0.07925579870502418,
      0.9928131416837782
    ],
    [
      0.07934684499876918,
      0.9928131416837782
    ],
    [
      0.07935335631052028,
      0.9928131416837782
    ],
    [
      0.07938592890567277,
      0.9928131416837782
    ],
    [
      0.07939244663382594,
      0.9928131416837782
    ],
    [
      0.0793989654323015,
      0.9928131416837782
    ],
    [
      0.07942119542875935,
      0.9917864476386037
    ],
    [
      0.07942772570300938,
      0.9917864476386037
    ],
    [
      0.07928935680210561,
      0.9897330595482546
    ],
    [
      0.0793024021059559,
      0.9897330595482546
    ],
    [
      0.07929188966652943,
      0.9887063655030801
    ],
    [
      0.07929841897233202,
      0.9887063655030801
    ],
    [
      0.07923564780495841,
      0.9876796714579056
    ],
    [
      0.07926176155557386,
      0.9876796714579056
    ],
    [
      0.07948993955452513,
      0.9856262833675564
    ],
    [
      0.07952945074973077,
      0.9856262833675564
    ],
    [
      0.07957559681697612,
      0.9856262833675564
    ],
    [
      0.0795821934842079,
      0.9856262833675564
    ],
    [
      0.07959539010032336,
      0.9856262833675564
    ],
    [
      0.07960199004975124,
      0.9856262833675564
    ],
    [
      0.07962179646678279,
      0.9856262833675564
    ],
    [
      0.07962840079628401,
      0.9856262833675564
    ],
    [
      0.07963500622148487,
      0.9856262833675564
    ],
    [
      0.07964822036007634,
      0.9856262833675564
    ],
    [
      0.07966804979253111,
      0.9856262833675564
    ],
    [
      0.07967466179765956,
      0.9856262833675564
    ],
    [
      0.079687889101021,
      0.9856262833675564
    ],
    [
      0.07969450439980076,
      0.9856262833675564
    ],
    [
      0.0799400449662753,
      0.9856262833675564
    ],
    [
      0.079960019990005,
      0.9856262833675564
    ],
    [
      0.07996668054977094,
      0.9856262833675564
    ],
    [
      0.08013355592654424,
      0.9856262833675564
    ],
    [
      0.08014024542950163,
      0.9856262833675564
    ],
    [
      0.08010357500835283,
      0.9845995893223819
    ],
    [
      0.0801102664773202,
      0.9845995893223819
    ],
    [
      0.08004679144385027,
      0.9835728952772074
    ],
    [
      0.08006686167989971,
      0.9835728952772074
    ],
    [
      0.08007355399531929,
      0.9835728952772074
    ],
    [
      0.080086941982946,
      0.9835728952772074
    ],
    [
      0.08009363765571441,
      0.9835728952772074
    ],
    [
      0.08010033444816053,
      0.9835728952772074
    ],
    [
      0.08010703236056527,
      0.9835728952772074
    ],
    [
      0.08019420726603047,
      0.9835728952772074
    ],
    [
      0.08020763563295379,
      0.9835728952772074
    ],
    [
      0.08021435150297246,
      0.9835728952772074
    ],
    [
      0.08022106849773908,
      0.9835728952772074
    ],
    [
      0.08022778661753623,
      0.9835728952772074
    ],
    [
      0.08039777515590764,
      0.9794661190965093
    ],
    [
      0.08041132838840188,
